ID,Zone,Total_Import_MWh,Peak_Import_MW
1,1,0.0,0.0
2,1,0.0,0.0
3,1,0.0,0.0
4,1,0.0,0.0
5,1,0.0,0.0
6,1,0.0,0.0
7,1,0.0,0.0
8,1,0.0,0.0
9,1,0.0,0.0
10,1,0.0,0.0
11,1,0.0,0.0
12,1,0.0,0.0
13,1,0.0,0.0
14,1,0.0,0.0
15,1,0.0,0.0
16,1,0.04387776654064184,0.006268252362949473
17,1,0.0,0.0
18,1,0.01162575614366769,0.0033216446124769566
19,1,0.0,0.0
20,1,0.0025542368839870343,0.0025542368839870343
21,1,0.0,0.0
22,1,0.0021822499999990855,0.0012470000000000259
23,1,0.0,0.0
24,1,0.0,0.0
25,1,0.0,0.0
26,1,0.0,0.0
27,1,0.0,0.0
28,1,0.006315369632158077,0.005334369632158081
29,1,0.0,0.0
30,1,0.02340689497902284,0.0021986086956527207
31,1,0.0,0.0
32,1,0.04428875740390778,0.0061690000000001926
33,1,0.0,0.0
34,1,0.0,0.0
35,1,0.0,0.0
36,1,0.0,0.0
37,1,0.0,0.0
38,1,0.07204895478174636,0.008968379325651199
39,1,0.0,0.0
40,1,0.021888389834066983,0.0025320000000000173
41,1,0.0,0.0
42,1,0.0,0.0
43,1,0.0,0.0
44,1,0.0,0.0
45,1,0.0,0.0
46,1,0.0013451666666657036,0.0011529999999999874
47,1,0.0,0.0
48,1,0.009768255198488184,0.0013954650283555803
49,1,0.0,0.0
50,1,0.0,0.0
51,1,0.0,0.0
52,1,0.0,0.0
53,1,0.0,0.0
54,1,0.0,0.0
55,1,0.0,0.0
56,1,0.008862945825401564,0.008862945825401564
57,1,0.0,0.0
58,1,0.0,0.0
59,1,0.0,0.0
60,1,0.0,0.0
61,1,0.0,0.0
62,1,0.0,0.0
63,1,0.0,0.0
64,1,0.0,0.0
65,1,0.0,0.0
66,1,0.03997926275993538,0.005711323251420097
67,1,0.0,0.0
68,1,0.0,0.0
69,1,0.0,0.0
70,1,0.004224953074768362,0.0036213883498012467
71,1,0.0,0.0
72,1,0.004753000000003227,0.002716000000002994
73,1,0.0,0.0
74,1,0.0,0.0
75,1,0.0,0.0
76,1,0.0014500000000000068,0.0007250000000000034
77,1,0.0,0.0
78,1,0.008910153119093003,0.008910153119093003
79,1,0.0,0.0
80,1,0.0013264999999997723,0.0011369999999999991
81,1,0.0,0.0
82,1,0.0,0.0
83,1,0.0,0.0
84,1,0.0,0.0
85,1,0.0,0.0
86,1,0.0,0.0
87,1,0.0,0.0
88,1,0.0,0.0
89,1,0.0,0.0
90,1,0.0,0.0
91,1,0.0,0.0
92,1,0.00890399999999919,0.0025440000000000462
93,1,0.0,0.0
94,1,0.0,0.0
95,1,0.0,0.0
96,1,0.003124630162474773,0.003124630162474773
97,1,0.0,0.0
98,1,0.0,0.0
99,1,0.0,0.0
100,1,0.0,0.0
101,1,0.0,0.0
102,1,0.0,0.0
103,1,0.0,0.0
104,1,0.002827778677517878,0.002827778677517878
105,1,0.0,0.0
106,1,0.0,0.0
107,1,0.0,0.0
108,1,0.0,0.0
109,1,0.0,0.0
110,1,0.0,0.0
111,1,0.0,0.0
112,1,0.0,0.0
113,1,0.0,0.0
114,1,0.013328000000000409,0.010084999999999997
115,1,0.0,0.0
116,1,0.0,0.0
117,1,0.0,0.0
118,1,0.012191975425332142,0.0017417107750475752
119,1,0.0,0.0
120,1,0.0,0.0
121,1,0.0,0.0
122,1,0.0015100000000000113,0.0015100000000000113
123,1,0.0,0.0
124,1,0.0,0.0
125,1,0.0,0.0
126,1,0.0,0.0
127,1,0.0,0.0
128,1,0.012863107210660673,0.012863107210660673
129,1,0.0,0.0
130,1,0.0,0.0
131,1,0.0,0.0
132,1,0.0,0.0
133,1,0.0,0.0
134,1,0.0023566666666676003,0.0020200000000000218
135,1,0.0,0.0
136,1,0.0,0.0
137,1,0.0,0.0
138,1,0.003415263939305052,0.003415263939305052
139,1,0.0,0.0
140,1,0.0,0.0
141,1,0.0,0.0
142,1,0.0417936402136142,0.004836000000000349
143,1,0.0,0.0
144,1,0.0017458000000002138,0.0012469999999999704
145,1,0.0,0.0
146,1,0.0014886811076997297,0.0008506749186855955
147,1,0.0,0.0
148,1,0.0016240000000000872,0.001160000000000095
149,1,0.0,0.0
150,1,0.052787000000001055,0.006658000000000164
151,1,0.0,0.0
152,1,0.0,0.0
153,1,0.0,0.0
154,1,0.0,0.0
155,1,0.0,0.0
156,1,0.03791556794790667,0.003514123503463043
157,1,0.0,0.0
158,1,0.00566513793822488,0.004788137938224871
159,1,0.0,0.0
160,1,0.0,0.0
161,1,0.0,0.0
162,1,0.0,0.0
163,1,0.0,0.0
164,1,0.0,0.0
165,1,0.0,0.0
166,1,0.0,0.0
167,1,0.0,0.0
168,1,0.009537453686197572,0.009537453686197572
169,1,0.0,0.0
170,1,0.013721580011985122,0.0019602257159981873
171,1,0.0,0.0
172,1,0.0,0.0
173,1,0.0,0.0
174,1,0.0,0.0
175,1,0.0,0.0
176,1,0.0014322000000001195,0.0010229999999999961
177,1,0.0,0.0
178,1,0.0,0.0
179,1,0.0,0.0
180,1,0.0,0.0
181,1,0.0,0.0
182,1,0.0009664969721636663,0.0009664969721636663
183,1,0.0,0.0
184,1,0.0,0.0
185,1,0.0,0.0
186,1,0.04460830207999919,0.004431000000000129
187,1,0.0,0.0
188,1,0.0,0.0
189,1,0.0,0.0
190,1,0.13146699999923034,0.018781000000893527
191,1,0.0,0.0
192,1,0.016182637051037153,0.0023118052930057725
193,1,0.0,0.0
194,1,0.0,0.0
195,1,0.0,0.0
196,1,0.0,0.0
197,1,0.0,0.0
198,1,0.0,0.0
199,1,0.0,0.0
200,1,0.0,0.0
201,1,0.0,0.0
202,1,0.0,0.0
203,1,0.0,0.0
204,1,0.0,0.0
205,1,0.0,0.0
206,1,0.0,0.0
207,1,0.0,0.0
208,1,0.0,0.0
209,1,0.0,0.0
210,1,0.0,0.0
211,1,0.0,0.0
212,1,0.006636278136799539,0.006636278136799539
213,1,0.0,0.0
214,1,0.008649975425334619,0.006178553875239634
215,1,0.0,0.0
216,1,0.0,0.0
217,1,0.0,0.0
218,1,0.002376499999999268,0.001697499999999269
219,1,0.0,0.0
220,1,0.0,0.0
221,1,0.0,0.0
222,1,0.040103000021034535,0.0039920393164792865
223,1,0.0,0.0
224,1,0.0,0.0
225,1,0.0,0.0
226,1,0.0,0.0
227,1,0.0,0.0
228,1,0.04696860000000125,0.021496140762524818
229,1,0.0,0.0
230,1,0.0,0.0
231,1,0.0,0.0
232,1,0.0,0.0
233,1,0.0,0.0
234,1,0.003425804410643496,0.0009788012601854579
235,1,0.0,0.0
236,1,0.0017645296938959842,0.0017645296938959842
237,1,0.0,0.0
238,1,0.0,0.0
239,1,0.0,0.0
240,1,0.0,0.0
241,1,0.0,0.0
242,1,0.009561549679446724,0.009561549679446724
243,1,0.0,0.0
244,1,0.0,0.0
245,1,0.0,0.0
246,1,0.0,0.0
247,1,0.0,0.0
248,1,0.0,0.0
249,1,0.0,0.0
250,1,0.0,0.0
251,1,0.0,0.0
252,1,0.0005075000189037925,0.0001450000054039613
253,1,0.0,0.0
254,1,0.0010459999999999914,0.0010459999999999914
255,1,0.0,0.0
256,1,0.0,0.0
257,1,0.0,0.0
258,1,0.0012576666666672947,0.0007186666666672899
259,1,0.0,0.0
260,1,0.0,0.0
261,1,0.0,0.0
262,1,0.0020958000000014243,0.0014969999999999983
263,1,0.0,0.0
264,1,0.035687437313889556,0.005098205330557255
265,1,0.0,0.0
266,1,0.08682888652340605,0.012404126646202284
267,1,0.0,0.0
268,1,0.0,0.0
269,1,0.0,0.0
270,1,0.0,0.0
271,1,0.0,0.0
272,1,0.0,0.0
273,1,0.0,0.0
274,1,0.0007640000000000147,0.0007640000000000147
275,1,0.0,0.0
276,1,0.007283241965972645,0.006425241965972647
277,1,0.0,0.0
278,1,0.0,0.0
279,1,0.0,0.0
280,1,0.0,0.0
281,1,0.0,0.0
282,1,0.0,0.0
283,1,0.0,0.0
284,1,0.004414721826132284,0.003731721826132281
285,1,0.0,0.0
286,1,0.0,0.0
287,1,0.0,0.0
288,1,0.0,0.0
289,1,0.0,0.0
290,1,0.0,0.0
291,1,0.0,0.0
292,1,0.0,0.0
293,1,0.0,0.0
294,1,0.0,0.0
295,1,0.0,0.0
296,1,0.0,0.0
297,1,0.0,0.0
298,1,0.0,0.0
299,1,0.0,0.0
300,1,0.0,0.0
301,1,0.0,0.0
302,1,0.016356657844983476,0.002336665406426547
303,1,0.0,0.0
304,1,0.0,0.0
305,1,0.0,0.0
306,1,0.013586814781219734,0.0019409735401743622
307,1,0.0,0.0
308,1,0.0,0.0
309,1,0.0,0.0
310,1,0.011246174858224375,0.003213192816635289
311,1,0.0,0.0
312,1,0.0,0.0
313,1,0.0,0.0
314,1,0.007393351719214708,0.007393351719214708
315,1,0.0,0.0
316,1,0.0,0.0
317,1,0.0,0.0
318,1,0.001052000000000053,0.001052000000000053
319,1,0.0,0.0
320,1,0.0,0.0
321,1,0.0,0.0
322,1,0.0,0.0
323,1,0.0,0.0
324,1,0.0,0.0
325,1,0.0,0.0
326,1,0.0,0.0
327,1,0.0,0.0
328,1,0.011584799576126112,0.011584799576126112
329,1,0.0,0.0
330,1,0.005284243681819673,0.004529351727273839
331,1,0.0,0.0
332,1,0.0,0.0
333,1,0.0,0.0
334,1,0.015758303402646095,0.004502372400756127
335,1,0.0,0.0
336,1,0.0,0.0
337,1,0.0,0.0
338,1,0.0,0.0
339,1,0.0,0.0
340,1,0.0025550000000000295,0.0021900000000000253
341,1,0.0,0.0
342,1,0.01033553308128779,0.01033553308128779
343,1,0.0,0.0
344,1,0.0,0.0
345,1,0.0,0.0
346,1,0.00940192396227451,0.00940192396227451
347,1,0.0,0.0
348,1,0.0,0.0
349,1,0.0,0.0
350,1,0.0,0.0
351,1,0.0,0.0
352,1,0.0,0.0
353,1,0.0,0.0
354,1,0.0,0.0
355,1,0.0,0.0
356,1,0.0,0.0
357,1,0.0,0.0
358,1,0.0,0.0
359,1,0.0,0.0
360,1,0.0,0.0
361,1,0.0,0.0
362,1,0.0,0.0
363,1,0.0,0.0
364,1,0.0,0.0
365,1,0.0,0.0
366,1,0.010530059049841375,0.008899059049841382
367,1,0.0,0.0
368,1,0.0,0.0
369,1,0.0,0.0
370,1,0.0,0.0
371,1,0.0,0.0
372,1,0.0,0.0
373,1,0.0,0.0
374,1,0.0,0.0
375,1,0.0,0.0
376,1,0.0,0.0
377,1,0.0,0.0
378,1,0.0,0.0
379,1,0.0,0.0
380,1,0.01118212287334161,0.01118212287334161
381,1,0.0,0.0
382,1,0.0,0.0
383,1,0.0,0.0
384,1,0.0,0.0
385,1,0.0,0.0
386,1,0.0,0.0
387,1,0.0,0.0
388,1,0.0,0.0
389,1,0.0,0.0
390,1,0.0,0.0
391,1,0.0,0.0
392,1,0.060594465658486696,0.00741546565848575
393,1,0.0,0.0
394,1,0.027925131529148994,0.004062333333333315
395,1,0.0,0.0
396,1,0.05487125771896849,0.006739257718967052
397,1,0.0,0.0
398,1,0.0,0.0
399,1,0.0,0.0
400,1,0.0,0.0
401,1,0.0,0.0
402,1,0.0,0.0
403,1,0.0,0.0
404,1,0.01377930384618353,0.01377930384618353
405,1,0.0,0.0
406,1,0.01108488374291483,0.01108488374291483
407,1,0.0,0.0
408,1,0.009427477934163042,0.009427477934163042
409,1,0.0,0.0
410,1,0.0,0.0
411,1,0.0,0.0
412,1,0.0,0.0
413,1,0.0,0.0
414,1,0.0,0.0
415,1,0.0,0.0
416,1,0.014793880183734648,0.014793880183734648
417,1,0.0,0.0
418,1,0.0,0.0
419,1,0.0,0.0
420,1,0.0,0.0
421,1,0.0,0.0
422,1,0.0,0.0
423,1,0.0,0.0
424,1,0.0,0.0
425,1,0.0,0.0
426,1,0.004495999999999896,0.004495999999999896
427,1,0.0,0.0
428,1,0.002243016261847877,0.002243016261847877
429,1,0.0,0.0
430,1,0.0,0.0
431,1,0.0,0.0
432,1,0.0,0.0
433,1,0.0,0.0
434,1,0.00745450378072024,0.00745450378072024
435,1,0.0,0.0
436,1,0.01032975047259212,0.0014756786389419907
437,1,0.0,0.0
438,1,0.0,0.0
439,1,0.0,0.0
440,1,0.0,0.0
441,1,0.0,0.0
442,1,0.0007369999999999738,0.0007369999999999738
443,1,0.0,0.0
444,1,0.0018024999999980557,0.0010300000000000031
445,1,0.0,0.0
446,1,0.0,0.0
447,1,0.0,0.0
448,1,0.002697333333332983,0.0011560000000000181
449,1,0.0,0.0
450,1,0.0,0.0
451,1,0.0,0.0
452,1,0.0,0.0
453,1,0.0,0.0
454,1,0.0,0.0
455,1,0.0,0.0
456,1,0.0,0.0
457,1,0.0,0.0
458,1,0.0,0.0
459,1,0.0,0.0
460,1,0.0,0.0
461,1,0.0,0.0
462,1,0.0,0.0
463,1,0.0,0.0
464,1,0.0,0.0
465,1,0.0,0.0
466,1,0.04291866729678831,0.006131238185256294
467,1,0.0,0.0
468,1,0.0216859999999972,0.003097999999999934
469,1,0.0,0.0
470,1,0.0,0.0
471,1,0.0,0.0
472,1,0.0023310000000002426,0.0016650000000002427
473,1,0.0,0.0
474,1,0.0,0.0
475,1,0.0,0.0
476,1,0.0,0.0
477,1,0.0,0.0
478,1,0.0,0.0
479,1,0.0,0.0
480,1,0.004687253599101937,0.004687253599101937
481,1,0.0,0.0
482,1,0.0,0.0
483,1,0.0,0.0
484,1,0.0,0.0
485,1,0.0,0.0
486,1,0.0,0.0
487,1,0.0,0.0
488,1,0.013373771266537004,0.0019105387523626455
489,1,0.0,0.0
490,1,0.0,0.0
491,1,0.0,0.0
492,1,0.0,0.0
493,1,0.0,0.0
494,1,0.0,0.0
495,1,0.0,0.0
496,1,0.0,0.0
497,1,0.0,0.0
498,1,0.007146526878882842,0.007146526878882842
499,1,0.0,0.0
500,1,0.0,0.0
501,1,0.0,0.0
502,1,0.0,0.0
503,1,0.0,0.0
504,1,0.05397352959999801,0.005360000000000142
505,1,0.0,0.0
506,1,0.0,0.0
507,1,0.0,0.0
508,1,0.0,0.0
509,1,0.0,0.0
510,1,0.0,0.0
511,1,0.0,0.0
512,1,0.0,0.0
513,1,0.0,0.0
514,1,0.038086417769373576,0.005310999999999927
515,1,0.0,0.0
516,1,0.06400547300987365,0.005960250787651722
517,1,0.0,0.0
518,1,0.0,0.0
519,1,0.0,0.0
520,1,0.05537303616114793,0.006338000000000056
521,1,0.0,0.0
522,1,0.0,0.0
523,1,0.0,0.0
524,1,0.0,0.0
525,1,0.0,0.0
526,1,0.004694670655430666,0.004694670655430666
527,1,0.0,0.0
528,1,0.006896931947069682,0.006896931947069682
529,1,0.0,0.0
530,1,0.0,0.0
531,1,0.0,0.0
532,1,0.0,0.0
533,1,0.0,0.0
534,1,0.007151379962187426,0.007151379962187426
535,1,0.0,0.0
536,1,0.030746266990793535,0.004753791300194737
537,1,0.0,0.0
538,1,0.02608492354547181,0.0025819999999998258
539,1,0.0,0.0
540,1,0.0,0.0
541,1,0.0,0.0
542,1,0.002519999999998912,0.0018000000000000238
543,1,0.0,0.0
544,1,0.0,0.0
545,1,0.0,0.0
546,1,0.0,0.0
547,1,0.0,0.0
548,1,0.0,0.0
549,1,0.0,0.0
550,1,0.0,0.0
551,1,0.0,0.0
552,1,0.0,0.0
553,1,0.0,0.0
554,1,0.017814007561431765,0.002544858223062188
555,1,0.0,0.0
556,1,0.045999799999999445,0.0062399999999999895
557,1,0.0,0.0
558,1,0.0,0.0
559,1,0.0,0.0
560,1,0.0,0.0
561,1,0.0,0.0
562,1,0.0,0.0
563,1,0.0,0.0
564,1,0.0,0.0
565,1,0.0,0.0
566,1,0.003716999999998569,0.0021240000000000425
567,1,0.0,0.0
568,1,0.007595013292493366,0.004340007595710529
569,1,0.0,0.0
570,1,0.0,0.0
571,1,0.0,0.0
572,1,0.07702988782110581,0.00852000000000018
573,1,0.0,0.0
574,1,0.027125025204787444,0.0027759999999998272
575,1,0.0,0.0
576,1,0.06324584183774297,0.00796700000000028
577,1,0.0,0.0
578,1,0.06260326111999906,0.00512700000000006
579,1,0.0,0.0
580,1,0.0,0.0
581,1,0.0,0.0
582,1,0.0,0.0
583,1,0.0,0.0
584,1,0.0034177499999985816,0.0019530000000000103
585,1,0.0,0.0
586,1,0.009071808836612238,0.009071808836612238
587,1,0.0,0.0
588,1,0.0,0.0
589,1,0.0,0.0
590,1,0.0,0.0
591,1,0.0,0.0
592,1,0.0,0.0
593,1,0.0,0.0
594,1,0.0,0.0
595,1,0.0,0.0
596,1,0.0011660000000000004,0.0011660000000000004
597,1,0.0,0.0
598,1,0.0007139999999999924,0.0007139999999999924
599,1,0.0,0.0
600,1,0.0,0.0
601,1,0.0,0.0
602,1,0.004672825569211003,0.004672825569211003
603,1,0.0,0.0
604,1,0.0,0.0
605,1,0.0,0.0
606,1,0.0009289999999999854,0.0009289999999999854
607,1,0.0,0.0
608,1,0.0011083333333329459,0.0006333333333329497
609,1,0.0,0.0
610,1,0.0,0.0
611,1,0.0,0.0
612,1,0.0,0.0
613,1,0.0,0.0
614,1,0.004181350954314322,0.004181350954314322
615,1,0.0,0.0
616,1,0.0,0.0
617,1,0.0,0.0
618,1,0.0,0.0
619,1,0.0,0.0
620,1,0.0,0.0
621,1,0.0,0.0
622,1,0.009211999999998916,0.0065799999999989756
623,1,0.0,0.0
624,1,0.0036504999999973885,0.0026074999999974
625,1,0.0,0.0
626,1,0.0,0.0
627,1,0.0,0.0
628,1,0.0026600000000000373,0.0019000000000000405
629,1,0.0,0.0
630,1,0.0,0.0
631,1,0.0,0.0
632,1,0.008622246691867619,0.008622246691867619
633,1,0.0,0.0
634,1,0.04011314744554881,0.0038902222222222975
635,1,0.0,0.0
636,1,0.030287746901908323,0.003938444444444406
637,1,0.0,0.0
638,1,0.00041299999999983136,0.0003539999999999932
639,1,0.0,0.0
640,1,0.00037299999999999833,0.00037299999999999833
641,1,0.0,0.0
642,1,0.0,0.0
643,1,0.0,0.0
644,1,0.014219983931946036,0.0020314262759925095
645,1,0.0,0.0
646,1,0.011165529300570107,0.0015950756143673119
647,1,0.0,0.0
648,1,0.0,0.0
649,1,0.0,0.0
650,1,0.0,0.0
651,1,0.0,0.0
652,1,0.0,0.0
653,1,0.0,0.0
654,1,0.0,0.0
655,1,0.0,0.0
656,1,0.0,0.0
657,1,0.0,0.0
658,1,0.0,0.0
659,1,0.0,0.0
660,1,0.0,0.0
661,1,0.0,0.0
662,1,0.0,0.0
663,1,0.0,0.0
664,1,0.003699950736720258,0.0031279507367202586
665,1,0.0,0.0
666,1,0.0,0.0
667,1,0.0,0.0
668,1,0.0,0.0
669,1,0.0,0.0
670,1,0.0009549999999999975,0.0009549999999999975
671,1,0.0,0.0
672,1,0.0,0.0
673,1,0.0,0.0
674,1,0.0,0.0
675,1,0.0,0.0
676,1,0.0,0.0
677,1,0.0,0.0
678,1,0.0,0.0
679,1,0.0,0.0
680,1,0.0,0.0
681,1,0.0,0.0
682,1,0.013021918714555925,0.0018602741020796731
683,1,0.0,0.0
684,1,0.0,0.0
685,1,0.0,0.0
686,1,0.0,0.0
687,1,0.0,0.0
688,1,0.0,0.0
689,1,0.0,0.0
690,1,0.00046199999999999714,0.00046199999999999714
691,1,0.0,0.0
692,1,0.0,0.0
693,1,0.0,0.0
694,1,0.002987671963048298,0.002987671963048298
695,1,0.0,0.0
696,1,0.0,0.0
697,1,0.0,0.0
698,1,0.0,0.0
699,1,0.0,0.0
700,1,0.0,0.0
701,1,0.0,0.0
702,1,0.0,0.0
703,1,0.0,0.0
704,1,0.0,0.0
705,1,0.0,0.0
706,1,0.0,0.0
707,1,0.0,0.0
708,1,0.0,0.0
709,1,0.0,0.0
710,1,0.008716637776124414,0.002490467936035634
711,1,0.0,0.0
712,1,0.0,0.0
713,1,0.0,0.0
714,1,0.0,0.0
715,1,0.0,0.0
716,1,0.0,0.0
717,1,0.0,0.0
718,1,0.0,0.0
719,1,0.0,0.0
720,1,0.03881644234404737,0.005545206049150486
721,1,0.0,0.0
722,1,0.04966613440000059,0.004934000000000158
723,1,0.0,0.0
724,1,0.045434846880903754,0.004235846880903749
725,1,0.0,0.0
726,1,0.01437237183634982,0.0015890000000000626
727,1,0.0,0.0
728,1,0.0,0.0
729,1,0.0,0.0
730,1,0.026049542872806038,0.0024830000000001518
731,1,0.0,0.0
732,1,0.00033366666666673786,0.00028600000000000153
733,1,0.0,0.0
734,1,0.004078034592342142,0.004078034592342142
735,1,0.0,0.0
736,1,0.0,0.0
737,1,0.0,0.0
738,1,0.0020580000000002263,0.001470000000000235
739,1,0.0,0.0
740,1,0.0,0.0
741,1,0.0,0.0
742,1,0.0,0.0
743,1,0.0,0.0
744,1,0.0,0.0
745,1,0.0,0.0
746,1,0.0,0.0
747,1,0.0,0.0
748,1,0.0,0.0
749,1,0.0,0.0
750,1,0.0,0.0
751,1,0.0,0.0
752,1,0.03265308485612327,0.0032310000000000116
753,1,0.0,0.0
754,1,0.0007409999999999986,0.0007409999999999986
755,1,0.0,0.0
756,1,0.0,0.0
757,1,0.0,0.0
758,1,0.006593536862005735,0.006593536862005735
759,1,0.0,0.0
760,1,0.09457147566720125,0.012715000000000448
761,1,0.0,0.0
762,1,0.0,0.0
763,1,0.0,0.0
764,1,0.0,0.0
765,1,0.0,0.0
766,1,0.0,0.0
767,1,0.0,0.0
768,1,0.005180402456347849,0.005180402456347849
769,1,0.0,0.0
770,1,0.009287193761816137,0.0026534839319476977
771,1,0.0,0.0
772,1,0.0,0.0
773,1,0.0,0.0
774,1,0.0,0.0
775,1,0.0,0.0
776,1,0.0,0.0
777,1,0.0,0.0
778,1,0.0,0.0
779,1,0.0,0.0
780,1,0.0,0.0
