ID,Zone,Connected,Total_Import_MWh,Total_Export_MWh
1,1,1,0.02046799999999996,0.0
2,1,1,0.0,0.0
3,1,1,0.0,0.0
4,1,1,0.0,0.0
5,1,1,0.0,0.0
6,1,1,0.009676630479336944,0.0
7,1,1,0.0,0.0
8,1,1,0.0,0.0
9,1,1,0.0,0.0
10,1,1,0.0,0.0
11,1,1,0.0,0.0
12,1,1,0.0,0.0
13,1,1,0.0,1.6147713677920257
14,1,1,0.0,0.0
15,1,1,0.06157199999999263,1.055922796121655
16,1,1,0.0,0.0
17,1,1,0.0,1.3503290338011813
18,1,1,0.019792112000002263,0.0
19,1,1,0.0,0.0
20,1,1,0.0,0.0
21,1,1,0.0,0.0
22,1,1,0.0,0.0
23,1,1,0.0,0.0
24,1,1,0.0,0.0
25,1,1,0.02792773951999941,0.0
26,1,1,0.0,0.0
27,1,1,0.11565174496000052,0.0
28,1,1,0.014180314240000304,0.0
29,1,1,0.01521862015999844,0.0
30,1,1,0.016001999999999877,0.0
31,1,1,0.058455485760003076,0.0
32,1,1,0.11152217546666757,0.0
33,1,1,0.09967511972274357,0.0
34,1,1,0.0018782498133333853,0.0
35,1,1,0.0,0.0
36,1,1,0.00045969951999934484,0.0
37,1,1,0.01896776895999889,0.0
38,1,1,0.10583603615999745,0.0
39,1,1,0.0,0.0
40,1,1,0.0645878342785133,0.0
41,1,1,0.0,0.0
42,1,1,0.0,0.0
43,1,1,0.027829828266669642,0.0
44,1,1,0.0027213190400002807,0.0
45,1,1,0.0,0.0
46,1,1,0.0,0.0
47,1,1,0.00287615605333328,0.0
48,1,1,0.0,0.0
49,1,1,0.0,0.0
50,1,1,0.0,0.0
51,1,1,0.0,0.0
52,1,1,0.0,0.0
53,1,1,0.003490494506666681,0.0
54,1,1,0.003210264746666594,0.0
55,1,1,0.0,0.0
56,1,1,0.0,0.0
57,1,1,0.012782000000001313,0.0
58,1,1,0.0,0.0
59,1,1,0.0,0.0
60,1,1,0.0,0.0
61,1,1,0.0014159843199999522,0.0
62,1,1,0.0,0.0
63,1,1,0.00287615605333328,0.0
64,1,1,0.0,0.0
65,1,1,0.007878248959999917,0.0
66,1,1,0.0,0.0
67,1,1,0.009177615466666914,0.0
68,1,1,0.0,0.0
69,1,1,0.0,0.0
70,1,1,0.0016046605866666536,0.0
71,1,1,0.0,0.0
72,1,1,0.0,0.0
73,1,1,0.013951978827977355,0.0
74,1,1,0.0029806610599846144,0.0
75,1,1,0.0038871538133331274,0.0
76,1,1,0.0,0.0
77,1,1,0.0,0.0
78,1,1,0.010635404505821643,0.0
79,1,1,0.0,0.0
80,1,1,0.0,0.0
81,1,1,0.004252640106666546,0.0
82,1,1,0.0,0.0
83,1,1,0.0,0.0
84,1,1,0.0,0.0
85,1,1,0.009297412373332571,0.0
86,1,1,0.0,0.0
87,1,1,0.015795499999996236,0.0
88,1,1,0.0,0.0
89,1,1,0.0,0.0
90,1,1,0.0,0.0
91,1,1,0.0,0.0
92,1,1,0.0,0.0
93,1,1,0.07959000000000942,0.0
94,1,1,0.011690000000001467,0.0
95,1,1,0.0,0.0
96,1,1,0.0,0.0
97,1,1,0.0,0.0
98,1,1,0.0038640000000002075,0.0
99,1,1,0.004115999999998905,0.0
100,1,1,0.0,0.0
101,1,1,0.0,0.0
102,1,1,0.0,0.0
103,1,1,0.013167000000001067,0.0
104,1,1,0.0,0.0
105,1,1,0.008868999999998333,0.0
106,1,1,0.0,0.0
107,1,1,0.010165434133333397,0.0
108,1,1,0.0,0.0
109,1,1,0.0,0.0
110,1,1,0.0,0.0
111,1,1,0.0,0.0
112,1,1,0.0,0.0
113,1,1,0.0,0.0
114,1,1,0.0,0.0
115,1,1,0.0,0.0
116,1,1,0.0,0.0
117,1,1,0.0,0.0
118,1,1,0.0,0.0
119,1,1,0.011502690773334129,0.0
120,1,1,0.0,0.0
121,1,1,0.0,0.0
122,1,1,0.0,0.0
123,1,1,0.0,0.0
124,1,1,0.0,0.0
125,1,1,0.0,0.0
126,1,1,0.0,0.0
127,1,1,0.0,0.0
128,1,1,0.016485000000002588,0.0
129,1,1,0.0,0.0
130,1,1,0.0,0.0
131,1,1,0.0,0.0
132,1,1,0.0,0.0
133,1,1,0.009050999999999691,0.0
134,1,1,0.01710727882797783,0.0
135,1,1,0.0,0.0
136,1,1,0.0,0.0
137,1,1,0.007806803733333076,0.0
138,1,1,0.0,0.0
139,1,1,0.015218000000005776,0.0
140,1,1,0.0010108182400000183,0.0
141,1,1,0.07733591637333206,0.0
142,1,1,0.09985756085333436,0.0
143,1,1,0.0,0.0
144,1,1,0.0,0.0
145,1,1,0.0,0.0
146,1,1,0.0,0.0
147,1,1,0.0,0.0
148,1,1,0.0,0.0
149,1,1,0.08004332241126658,0.0
150,1,1,0.12832659861373596,0.0
151,1,1,0.05140572042664297,0.0
152,1,1,0.0,0.0
153,1,1,0.0015891383466667165,0.0
154,1,1,0.0,0.0
155,1,1,0.10768715413333359,0.0
156,1,1,0.040953197226665704,0.0
157,1,1,0.0,0.0
158,1,1,0.012671816959999985,0.0
159,1,1,0.001831883306666818,0.0
160,1,1,0.0321267999999995,0.11064199999997937
161,1,1,0.025192905600000676,0.0
162,1,1,0.0,0.0
163,1,1,0.002517412906666558,0.0
164,1,1,0.00650299999999938,0.0
165,1,1,0.0,0.0
166,1,1,0.0,0.0
167,1,1,0.0088768070399995,0.0
168,1,1,0.0,0.0
169,1,1,0.0,0.0
170,1,1,0.0,0.0
171,1,1,0.0,0.0
172,1,1,0.0,0.0
173,1,1,0.023223112533334,0.0
174,1,1,0.0046061324799999345,0.0
175,1,1,0.015043736853334544,0.0
176,1,1,0.007160999999999152,0.0
177,1,1,0.023541000000001838,0.0
178,1,1,0.0,0.0
179,1,1,0.0038430000000017933,0.0
180,1,1,0.016913940266667232,0.0
181,1,1,0.02761662192816336,0.0
182,1,1,0.0,0.0
183,1,1,0.0,0.0
184,1,1,0.0,0.0
185,1,1,0.0,0.0
186,1,1,0.06866060415999922,0.0
187,1,1,0.0,0.0
188,1,1,0.0,0.0
189,1,1,0.0743950964162832,0.0
190,1,1,0.012740230783201412,0.0
191,1,1,0.0,0.0
192,1,1,0.0,0.0
193,1,1,0.0,0.0
194,1,1,0.013312380266666465,0.0
195,1,1,0.023218999999998824,0.0
196,1,1,0.004549999999998937,0.0
197,1,1,0.0,0.0
198,1,1,0.0,0.0
199,1,1,0.0,0.0
200,1,1,0.031066000000006564,0.0
201,1,1,0.0,0.0
202,1,1,0.0017954035200000683,0.0
203,1,1,0.0,0.0
204,1,1,0.0,0.0
205,1,1,0.0,0.0
206,1,1,0.0,0.0
207,1,1,0.0,0.0
208,1,1,0.0,0.0
209,1,1,0.0,0.0
210,1,1,0.023218999999998824,0.0
211,1,1,0.016739151359999815,0.0
212,1,1,0.0,0.0
213,1,1,0.0,0.0
214,1,1,0.0024506729599997994,0.0
215,1,1,0.0,0.0
216,1,1,0.0,0.0
217,1,1,0.0,0.0
218,1,1,0.0057081361058605486,0.0
219,1,1,0.0030904999999992297,0.0
220,1,1,0.0,0.0
221,1,1,0.0,0.6314958756586464
222,1,1,0.034062000000023525,0.5845084536221907
223,1,1,0.0,0.0
224,1,1,0.0,0.0
225,1,1,0.0,0.0
226,1,1,0.0,0.0
227,1,1,0.0,0.0
228,1,1,0.08570432991999626,0.0
229,1,1,0.026291999999997977,0.0
230,1,1,0.0,0.0
231,1,1,0.0,0.0
232,1,1,0.0,0.0
233,1,1,0.0,0.0
234,1,1,0.0,0.0
235,1,1,0.0,0.0
236,1,1,0.0,0.0
237,1,1,0.002492419413333391,0.0
238,1,1,0.030491999999997965,0.0
239,1,1,0.008430792060491066,0.0
240,1,1,0.0,0.0
241,1,1,0.0038325000000004454,0.0
242,1,1,0.0,0.0
243,1,1,0.012438999999999877,0.0
244,1,1,0.0,0.0
245,1,1,0.011196717345117513,0.0
246,1,1,0.0,0.0
247,1,1,0.008174412480008839,0.0
248,1,1,0.0,0.0
249,1,1,0.0,0.0
250,1,1,0.06748394944000699,0.0
251,1,1,0.0,0.0
252,1,1,0.0005572361889410291,0.0
253,1,1,0.0020611829333333637,0.0
254,1,1,0.00252215605333328,0.0
255,1,1,0.011532413439999726,0.0
256,1,1,0.0,0.0
257,1,1,0.0020197133866665315,0.0
258,1,1,0.0,0.0
259,1,1,0.0,0.0
260,1,1,0.0,0.0
261,1,1,0.0,0.0
262,1,1,0.0,0.0
263,1,1,0.0,0.0
264,1,1,0.0,0.0
265,1,1,0.0,0.0
266,1,1,0.0,0.0
267,1,1,0.0651980000000052,0.0
268,1,1,0.009714338714741536,0.0
269,1,1,0.0,0.0
270,1,1,0.0,0.0
271,1,1,0.0,0.0
272,1,1,0.0,0.0
273,1,1,0.01152575803402256,0.0
274,1,1,0.006487974480151971,0.0
275,1,1,0.0,0.0
276,1,1,0.004086828160001429,0.0
277,1,1,0.013300981120000135,0.0
278,1,1,0.005816999999999231,0.0
279,1,1,0.0,0.6273524846540434
280,1,1,0.0,0.0
281,1,1,0.0,0.0
282,1,1,0.009158669565220802,0.0
283,1,1,0.0,0.0
284,1,1,0.0,0.0
285,1,1,0.0,0.0
286,1,1,0.005833537919999937,0.0
287,1,1,0.0015006151466666964,0.0
288,1,1,0.0020311231999999993,0.0
289,1,1,0.0,0.0
290,1,1,0.0029889999999994643,0.0
291,1,1,0.015007999999917683,1.7740252638928802
292,1,1,0.012691000000002117,0.0
293,1,1,0.020124999999997686,0.0
294,1,1,0.02360834613333307,0.0
295,1,1,0.0,0.0
296,1,1,0.0,0.0
297,1,1,0.0,0.0
298,1,1,0.0,0.0
299,1,1,0.0,0.0
300,1,1,0.0,0.0
301,1,1,0.0205039481599993,0.0
302,1,1,0.013530999999998974,0.0
303,1,1,0.0,0.0
304,1,1,0.0,0.0
305,1,1,0.0,0.0
306,1,1,0.031097057066666996,0.0
307,1,1,0.0,0.0
308,1,1,0.004644622506666574,0.0
309,1,1,0.02208261440000095,0.0
310,1,1,0.009282000000001678,0.0
311,1,1,0.0,0.0
312,1,1,0.017067932160000562,0.0
313,1,1,0.012347999999997918,0.0
314,1,1,0.0,0.0
315,1,1,0.0,0.0
316,1,1,0.010488415999999907,0.0
317,1,1,0.0,0.0
318,1,1,0.0,0.0
319,1,1,0.015392999999999997,0.0
320,1,1,0.0,0.0
321,1,1,0.0,0.0
322,1,1,0.0,0.0
323,1,1,0.009747598079999677,0.0
324,1,1,0.004864189226666038,0.0
325,1,1,0.0,0.0
326,1,1,0.0,0.0
327,1,1,0.0,0.0
328,1,1,0.014825999999994934,0.0
329,1,1,0.0,0.0
330,1,1,0.0,0.0
331,1,1,0.0,0.0
332,1,1,0.0,0.0
333,1,1,0.0011227733903000623,0.0
334,1,1,0.03136611146666612,0.0
335,1,1,0.0,0.0
336,1,1,0.0,0.0
337,1,1,0.0,0.0
338,1,1,0.004922011733333828,0.0
339,1,1,0.0,0.0
340,1,1,0.0,0.0
341,1,1,0.0,0.0
342,1,1,0.0,0.0
343,1,1,0.0,0.0
344,1,1,0.0,0.0
345,1,1,0.0,0.0
346,1,1,0.0,0.0
347,1,1,0.0,0.0
348,1,1,0.0,0.0
349,1,1,0.0,0.0
350,1,1,0.001957004160000015,0.0
351,1,1,0.006230000000000307,0.0
352,1,1,0.0,0.0
353,1,1,0.0,0.0
354,1,1,0.01746500000000101,0.0
355,1,1,0.0,0.0
356,1,1,0.0,0.0
357,1,1,0.011644461439999337,0.0
358,1,1,0.019947739733333525,0.0
359,1,1,0.0,0.0
360,1,1,0.0,0.0
361,1,1,0.014398999999997126,0.0
362,1,1,0.0,0.0
363,1,1,0.0,0.0
364,1,1,0.009851712665406832,0.0
365,1,1,0.0,0.0
366,1,1,0.015438362453333913,0.0
367,1,1,0.0,0.0
368,1,1,0.0,0.0
369,1,1,0.0,0.0
370,1,1,0.0,0.0
371,1,1,0.023376333866666522,0.0
372,1,1,0.0,0.0
373,1,1,0.0,0.0
374,1,1,0.0,0.0
375,1,1,0.0,0.0
376,1,1,0.010640076373333265,0.0
377,1,1,0.0,0.0
378,1,1,0.004509866133333373,0.0
379,1,1,0.021775530133333436,0.0
380,1,1,0.0031816614400001393,0.0
381,1,1,0.0,0.0
382,1,1,0.0039928140799998894,0.0
383,1,1,0.0034894999999989795,0.0
384,1,1,0.0,0.0
385,1,1,0.0,0.0
386,1,1,0.0011926077866666242,0.0
387,1,1,0.0,0.0
388,1,1,0.0,0.0
389,1,1,0.006531251199999796,0.0
390,1,1,0.0,0.0
391,1,1,0.0,0.0
392,1,1,0.11208413232514622,0.0
393,1,1,0.11063707981516362,0.0
394,1,1,0.06472960869565102,0.0
395,1,1,0.10131937744174524,0.0
396,1,1,0.09408076864000055,0.0
397,1,1,0.0,0.0
398,1,1,0.0063909999999996305,0.0
399,1,1,0.002866828373333352,0.0
400,1,1,0.01253852853333258,0.0
401,1,1,0.0,0.0
402,1,1,0.006043448015123606,0.0
403,1,1,0.0,0.0
404,1,1,0.0,0.0
405,1,1,0.0,0.0
406,1,1,0.0031497452800000464,0.0
407,1,1,0.015056999999996006,0.0
408,1,1,0.004157686613333291,0.0
409,1,1,0.009003690880000761,0.0
410,1,1,0.006798151228729399,0.0
411,1,1,0.011711000000002086,0.0
412,1,1,0.0,0.0
413,1,1,0.01356392005419195,0.0
414,1,1,0.0,0.0
415,1,1,0.012929760869566341,0.0
416,1,1,0.0,0.0
417,1,1,0.00526157119999978,0.0
418,1,1,0.0,0.0
419,1,1,0.0,0.0
420,1,1,0.006076000000000443,0.0
421,1,1,0.0,0.0
422,1,1,0.0,0.0
423,1,1,0.0,0.0
424,1,1,0.0,0.0
425,1,1,0.01330699999999926,0.0
426,1,1,0.0,0.0
427,1,1,0.0,0.0
428,1,1,0.0,0.0
429,1,1,0.0,0.0
430,1,1,0.0,0.0
431,1,1,0.0034008845866668747,0.0
432,1,1,0.0,0.0
433,1,1,0.0,0.0
434,1,1,0.0021286095999999283,0.0
435,1,1,0.0,0.0
436,1,1,0.0,0.0
437,1,1,0.0,0.0
438,1,1,0.0,0.0
439,1,1,0.0,0.0
440,1,1,0.0,0.0
441,1,1,0.002817805440000154,0.0
442,1,1,0.002579500000000251,0.0
443,1,1,0.00830900000000371,0.0
444,1,1,0.0036050000000032987,0.0
445,1,1,0.022085000000001232,0.0
446,1,1,0.0034278878933332695,0.0
447,1,1,0.0,0.0
448,1,1,0.0,0.0
449,1,1,0.0,0.0
450,1,1,0.0,0.0
451,1,1,0.0,0.0
452,1,1,0.0,0.0
453,1,1,0.0,0.0
454,1,1,0.0,0.0
455,1,1,0.016151937618146716,0.0
456,1,1,0.0,0.0
457,1,1,0.0,0.0
458,1,1,0.0,0.0
459,1,1,0.0,0.0
460,1,1,0.0,0.0
461,1,1,0.0,0.0
462,1,1,0.0,0.0
463,1,1,0.0,0.0
464,1,1,0.0,0.0
465,1,1,0.0038871538133334813,0.0
466,1,1,0.0,0.0
467,1,1,0.001313041493333342,0.0
468,1,1,0.0,0.0
469,1,1,0.0,0.0
470,1,1,0.0,0.0
471,1,1,0.0,0.0
472,1,1,0.008023302933333337,0.0
473,1,1,0.0,0.0
474,1,1,0.005381365784500117,0.0
475,1,1,0.0,0.0
476,1,1,0.00565784405333416,0.0
477,1,1,0.0,0.0
478,1,1,0.0,0.0
479,1,1,0.0,0.0
480,1,1,0.0,0.0
481,1,1,0.02184739733333425,0.0
482,1,1,0.0,0.0
483,1,1,0.0,0.0
484,1,1,0.0,0.0
485,1,1,0.0035402353066665906,0.0
486,1,1,0.0,0.0
487,1,1,0.0,0.0
488,1,1,0.0,0.0
489,1,1,0.0,0.0
490,1,1,0.0,0.0
491,1,1,0.011599000000000016,0.0
492,1,1,0.0015441411200000851,0.0
493,1,1,0.0,0.0
494,1,1,0.02746866726772154,0.0
495,1,1,0.0,0.0
496,1,1,0.0,0.0
497,1,1,0.0,0.0
498,1,1,0.0,0.0
499,1,1,0.0063352403200000445,0.0
500,1,1,0.0,0.0
501,1,1,0.02411125519848757,0.0
502,1,1,0.0,0.0
503,1,1,0.11899060863999797,0.0
504,1,1,0.11762978453333134,0.0
505,1,1,0.0,0.0
506,1,1,0.0,0.0
507,1,1,0.043782600959998065,0.0
508,1,1,0.0,0.0
509,1,1,0.004480000000000522,0.0
510,1,1,0.0,0.0
511,1,1,0.016051323733332606,0.0
512,1,1,0.0017150000000003274,0.0
513,1,1,0.002427746133333339,0.0
514,1,1,0.07547588287999941,0.0
515,1,1,0.0,0.0
516,1,1,0.10356859232000085,0.0
517,1,1,0.007797999999999995,0.0
518,1,1,0.0,0.0
519,1,1,0.004970760869566148,0.0
520,1,1,0.08194573781333321,0.0
521,1,1,0.004728500000000559,0.0
522,1,1,0.0,0.0
523,1,1,0.0011495177599999927,0.0
524,1,1,0.0027031353599933465,0.0
525,1,1,0.01495451647999918,0.0
526,1,1,0.0,0.0
527,1,1,0.01642442178600491,0.0
528,1,1,0.0,0.0
529,1,1,0.0,0.0
530,1,1,0.00544599999999805,0.0
531,1,1,0.0,0.0
532,1,1,0.01640099999999864,0.0
533,1,1,0.0,0.0
534,1,1,0.0,0.0
535,1,1,0.0,0.0
536,1,1,0.0649542710400006,0.0
537,1,1,0.0,0.0
538,1,1,0.037987973333333806,0.0
539,1,1,0.010136572778828538,0.0
540,1,1,0.003139914986666631,0.0
541,1,1,0.0,0.0
542,1,1,0.0,0.0
543,1,1,0.0,0.0
544,1,1,0.017369551984875716,0.0
545,1,1,0.0118024234404557,0.0
546,1,1,0.0025606358399998287,0.0
547,1,1,0.017099012586666337,0.0
548,1,1,0.007685999999999769,0.0
549,1,1,0.0,0.0
550,1,1,0.0,0.0
551,1,1,0.0031044999999999736,0.0
552,1,1,0.0,0.0
553,1,1,0.012899277333333235,0.0
554,1,1,0.0,0.0
555,1,1,0.0,0.0
556,1,1,0.09188949279999946,0.0
557,1,1,0.13603003696705512,0.0
558,1,1,0.0,0.0
559,1,1,0.012658444800000557,0.0
560,1,1,0.0,0.0
561,1,1,0.0,0.0
562,1,1,0.0,0.0
563,1,1,0.021484229119999636,0.0
564,1,1,0.0017954035200000856,0.0
565,1,1,0.060160699199999286,0.0
566,1,1,0.03073855296000147,0.0
567,1,1,0.008628605439999725,0.0
568,1,1,0.002160976959999769,0.0
569,1,1,0.0,0.0
570,1,1,0.0,0.0
571,1,1,0.09041903519999878,0.0
572,1,1,0.1299411100608845,0.0
573,1,1,0.01533699999999999,0.0
574,1,1,0.06421235853814106,0.0
575,1,1,0.021077325440000433,0.0
576,1,1,0.15258929088000117,0.0
577,1,1,0.0787219610666854,0.0
578,1,1,0.07287028288000064,0.0
579,1,1,0.0,0.0
580,1,1,0.0,0.0
581,1,1,0.0,0.0
582,1,1,0.0,0.0
583,1,1,0.0,0.0
584,1,1,0.0,0.0
585,1,1,0.0,0.0
586,1,1,0.0,0.0
587,1,1,0.0,0.0
588,1,1,0.008316266666667294,0.0
589,1,1,0.0,0.0
590,1,1,0.015472990548200559,0.0
591,1,1,0.0,0.0
592,1,1,0.0,0.0
593,1,1,0.0,0.0
594,1,1,0.0,0.0
595,1,1,0.0021000000000012814,0.0
596,1,1,0.0,0.0
597,1,1,0.0,0.0
598,1,1,0.0,0.0
599,1,1,0.011199104000000425,0.0
600,1,1,0.0010724915200000691,0.0
601,1,1,0.0025846960000000564,0.0
602,1,1,0.0,0.0
603,1,1,0.0028664999999995326,0.0
604,1,1,0.0,0.0
605,1,1,0.003950333333334827,0.0
606,1,1,0.0,0.0
607,1,1,0.010990000000000496,0.0
608,1,1,0.007998560639999996,0.0
609,1,1,0.0,0.0
610,1,1,0.0,0.0
611,1,1,0.0,0.0
612,1,1,0.01632791424000052,0.0
613,1,1,0.0,0.0
614,1,1,0.0,0.0
615,1,1,0.0022619864533334113,0.0
616,1,1,0.0,0.0
617,1,1,0.0,0.0
618,1,1,0.0,0.0
619,1,1,0.0,0.0
620,1,1,0.021812783999999384,0.0
621,1,1,0.0,0.0
622,1,1,0.0030706666666660202,0.0
623,1,1,0.007069999999998041,0.0
624,1,1,0.0,0.0
625,1,1,0.0015363210666666759,0.0
626,1,1,0.008789551228732057,0.0
627,1,1,0.002390499999999833,0.0
628,1,1,0.0036195113955559536,0.0
629,1,1,0.0,0.0
630,1,1,0.0,0.0
631,1,1,0.009839333013332861,0.0
632,1,1,0.00244199648000009,0.0
633,1,1,0.0,0.0
634,1,1,0.015336999999999601,0.0
635,1,1,0.007338624533333837,0.0
636,1,1,0.015525999999999499,0.0
637,1,1,0.0020976831999999727,0.0
638,1,1,0.0,0.0
639,1,1,0.0,0.0
640,1,1,0.0,0.0
641,1,1,0.006352892799999718,0.0
642,1,1,0.0,0.0
643,1,1,0.0,0.0
644,1,1,0.0,0.0
645,1,1,0.0,0.0
646,1,1,0.025447263466667872,0.0
647,1,1,0.009126367466666743,0.0
648,1,1,0.0,0.0
649,1,1,0.0,0.0
650,1,1,0.0,0.0
651,1,1,0.0,0.0
652,1,1,0.0,0.0
653,1,1,0.027067478260870657,0.0
654,1,1,0.0024681592533333276,0.0
655,1,1,0.0015006151466666826,0.0
656,1,1,0.0,0.0
657,1,1,0.0015613607466667609,0.0
658,1,1,0.005782248959999854,0.0
659,1,1,0.007381386880000396,0.0
660,1,1,0.0020330868266666803,0.0
661,1,1,0.00910774720000037,0.0
662,1,1,0.011782648533333676,0.0
663,1,1,0.0,0.0
664,1,1,0.0,0.0
665,1,1,0.0,0.0
666,1,1,0.0,0.0
667,1,1,0.007863722133333055,0.0
668,1,1,0.0,0.0
669,1,1,0.0,0.0
670,1,1,0.0,0.0
671,1,1,0.0,0.0
672,1,1,0.0033932081066667535,0.0
673,1,1,0.0,0.0
674,1,1,0.0,0.0
675,1,1,0.0,0.0
676,1,1,0.004322246293333273,0.0
677,1,1,0.005002832319999845,0.0
678,1,1,0.0,0.0
679,1,1,0.013198556160000709,0.0
680,1,1,0.010504306026666408,0.0
681,1,1,0.0,0.0
682,1,1,0.0,0.0
683,1,1,0.0,0.0
684,1,1,0.0,0.0
685,1,1,0.0,0.0
686,1,1,0.0,0.0
687,1,1,0.0,0.0
688,1,1,0.0008065121066666188,0.0
689,1,1,0.0014890878933331974,0.0
690,1,1,0.0,0.0
691,1,1,0.0,0.0
692,1,1,0.0,0.0
693,1,1,0.0,0.0
694,1,1,0.0,0.0
695,1,1,0.0,0.0
696,1,1,0.0,0.0
697,1,1,0.0,0.0
698,1,1,0.0,0.0
699,1,1,0.0,0.0
700,1,1,0.02340922496000064,0.0
701,1,1,0.0,0.0
702,1,1,0.012914480000000284,0.0
703,1,1,0.019607000000000534,0.0
704,1,1,0.0,0.0
705,1,1,0.009368164479999462,0.0
706,1,1,0.0,0.0
707,1,1,0.0,0.0
708,1,1,0.007272999999999405,0.0
709,1,1,0.0,0.0
710,1,1,0.0,0.0
711,1,1,0.0,0.0
712,1,1,0.015056999999996034,0.0
713,1,1,0.006126023679999537,0.0
714,1,1,0.0,0.0
715,1,1,0.0,0.0
716,1,1,0.0,0.0
717,1,1,0.0,0.0
718,1,1,0.0,0.0
719,1,1,0.042504000000007314,0.0
720,1,1,0.0,0.0
721,1,1,0.15106287967999624,0.0
722,1,1,0.10078926879999908,0.0
723,1,1,0.12261810549333405,0.0
724,1,1,0.04903997056002758,0.0
725,1,1,0.04553207137383662,0.0
726,1,1,0.01430047231999987,0.0
727,1,1,0.04372342191627157,0.0
728,1,1,0.0014794678400000053,0.0
729,1,1,0.12698289247999905,0.0
730,1,1,0.07958883040000005,0.0
731,1,1,0.12793631434666106,0.0
732,1,1,0.0,0.0
733,1,1,0.04204964433777873,0.0
734,1,1,0.010794602879999893,0.0
735,1,1,0.009547999999999827,0.0
736,1,1,0.0038513607466667266,0.0
737,1,1,0.0,0.0
738,1,1,0.007079921600000056,0.0
739,1,1,0.0014076309333332926,0.0
740,1,1,0.009474943289225993,0.0
741,1,1,0.002989785173333488,0.0
742,1,1,0.006290249600000138,0.0
743,1,1,0.0004528936533331361,0.0
744,1,1,0.0075054968533333,0.0
745,1,1,0.00511715879017074,0.0
746,1,1,0.0,0.0
747,1,1,0.0,0.0
748,1,1,0.0,0.0
749,1,1,0.008789551228733525,0.0
750,1,1,0.0019366004266665737,0.0
751,1,1,0.0,0.0
752,1,1,0.047591487999999314,0.0
753,1,1,0.0,0.0
754,1,1,0.0,0.0
755,1,1,0.015692595839998366,0.0
756,1,1,0.0,0.0
757,1,1,0.0,0.0
758,1,1,0.0,0.0
759,1,1,0.0013840886399999995,0.0
760,1,1,0.39372200000000207,0.0
761,1,1,0.013187263573334315,0.0
762,1,1,0.0019039999999993608,0.0
763,1,1,0.0,0.0
764,1,1,0.0,0.0
765,1,1,0.0,0.0
766,1,1,0.00999800320000055,0.0
767,1,1,0.0025442059733334216,0.0
768,1,1,0.013717479680000047,0.0
769,1,1,0.0017296840533332566,0.0
770,1,1,0.0,0.0
771,1,1,0.015908307200000627,0.0
772,1,1,0.009489664000000064,0.0
773,1,1,0.020388274879998697,0.0
774,1,1,0.0,0.0
775,1,1,0.0,0.0
776,1,1,0.0,0.0
777,1,1,0.0,0.0
778,1,1,0.0,0.0
779,1,1,0.003024000000000913,0.0
780,1,1,0.017673434879999585,0.0
